{
	"generator_info": "Shape definitions generated with PhysicsEditor. Visit https://www.codeandweb.com/physicseditor",
	"shape": {
		"type": "fromPhysicsEditor",
		"label": "shape",
		"isStatic": true,
		"density": 0.1,
		"restitution": 0,
		"friction": 0.1,
		"frictionAir": 0.01,
		"frictionStatic": 0.5,
		"collisionFilter": {
			"group": 0,
			"category": 1,
			"mask": 255
		},
		"fixtures": [
			{
				"label": "",
				"isSensor": false,
				"vertices": [
					[ { "x":-21, "y":86 }, { "x":-3, "y":97 }, { "x":25, "y":83 }, { "x":8, "y":73 } ]
				]
			}
		]
	}
}
