{
	"generator_info": "Shape definitions generated with PhysicsEditor. Visit https://www.codeandweb.com/physicseditor",
	"shape": {
		"type": "fromPhysicsEditor",
		"label": "mesilla",
		"isStatic": true,
		"density": 0.1,
		"restitution": 0,
		"friction": 0.1,
		"frictionAir": 0.01,
		"frictionStatic": 0.5,
		"collisionFilter": {
			"group": 0,
			"category": 1,
			"mask": 255
		},
		"fixtures": [
			{
				"label": "",
				"isSensor": false,
				"vertices": [
					[ { "x":48, "y":40 }, { "x":29, "y":30 }, { "x":8, "y":39 }, { "x":29, "y":49 } ]
				]
			}
		]
	}
}
