{
	"generator_info": "Shape definitions generated with PhysicsEditor. Visit https://www.codeandweb.com/physicseditor",
	"shape": {
		"type": "fromPhysicsEditor",
		"label": "player_f",
		"isStatic": false,
		"density": 0.1,
		"restitution": 0,
		"friction": 0.1,
		"frictionAir": 0.01,
		"frictionStatic": 0.5,
		"collisionFilter": {
			"group": 0,
			"category": 1,
			"mask": 255
		},
		"fixtures": [
			{
				"label": "",
				"isSensor": false,
				"vertices": [
					[ { "x":5, "y":60 }, { "x":15, "y":67 }, { "x":25, "y":60 }, { "x":15, "y":54 } ]
				]
			}
		]
	}
}
