{
	"generator_info": "Shape definitions generated with PhysicsEditor. Visit https://www.codeandweb.com/physicseditor",
	"shape": {
		"type": "fromPhysicsEditor",
		"label": "shape",
		"isStatic": true,
		"density": 0.1,
		"restitution": 0,
		"friction": 0.1,
		"frictionAir": 0.01,
		"frictionStatic": 0.5,
		"collisionFilter": {
			"group": 0,
			"category": 1,
			"mask": 255
		},
		"fixtures": [
			{
				"label": "",
				"isSensor": false,
				"vertices": [
					[ { "x":7, "y":73 }, { "x":30, "y":85 }, { "x":58, "y":70 }, { "x":32, "y":60 } ]
				]
			}
		]
	}
}
